,international office,software engineering research,Cookie,president of the university,computer science research awards,semantic similarity,tiger bike's current offer,where is the library located?,How to graduate with honors?,scholarships in computer science
0,http://www.memphis.edu/ehs/stormwater/index.php,http://www.memphis.edu/herff/future_students/visitherff.php,http://www.memphis.edu/herff/students/advising.php,http://www.memphis.edu/ehs/stormwater/index.php,http://www.memphis.edu/cs/news_and_events/news/2017_cfia_cansec.php,http://www.memphis.edu/chem/people/faculty/parrill.php,http://www.memphis.edu/tobacco,http://www.memphis.edu/physics/undergraduate/permit/ugpermit.php,http://www.memphis.edu/ehs/stormwater/index.php,http://www.memphis.edu/cs/news_and_events/news/2017_cfia_cansec.php
1,http://www.memphis.edu/give.htm,http://www.memphis.edu/iis/projects/index.php,http://www.memphis.edu/physics/news/events.php,http://www.memphis.edu/chlhc/contact/index.php,http://www.memphis.edu/cs/news_and_events/news/2015_research_day_winners.php,http://www.memphis.edu/psychology/people/faculty/kreuz.php,http://www.memphis.edu/tobacco/,http://www.memphis.edu/iss/resources/index.php,http://www.memphis.edu/chlhc/contact/index.php,http://www.memphis.edu/cs/news_and_events/news/2015_research_day_winners.php
2,http://www.memphis.edu/chlhc/projects/index.php,http://www.memphis.edu/spahcc/events/registration.php,http://www.memphis.edu/mediaroom/releases/2016/april16/facultyawards.php,http://www.memphis.edu/chlhc/research/hospital_system.php,http://www.memphis.edu/cs/news_and_events/news/2017_iasp.php,http://www.memphis.edu/herff/future_students/computer_req.php,http://www.memphis.edu/biology/,http://www.memphis.edu/iss/resources,http://www.memphis.edu/give.htm,http://www.memphis.edu/cs/news_and_events/news/2017_iasp.php
3,http://www.memphis.edu/chlhc/contact/index.php,http://www.memphis.edu/rsp/vice_president,http://www.memphis.edu/moch/fellowships/index.php,http://www.memphis.edu/chlhc/projects/index.php,http://www.memphis.edu/cs/news_and_events/news/2017_cfia_local24.php,http://www.memphis.edu/herff/about/facultyandstaff.php,http://www.memphis.edu/health/immunization/flu_shots.php,http://www.memphis.edu/earthsciences/contact.php,http://www.memphis.edu/chlhc/research/hospital_system.php,http://www.memphis.edu/cs/people/index.php
4,http://www.memphis.edu/chlhc/research/hospital_system.php,http://www.memphis.edu/iis/people/index.php,http://www.memphis.edu/notice/,http://www.memphis.edu/give.htm,http://www.memphis.edu/biology/lab-homayouni/index.php,http://www.memphis.edu/cs/news_and_events/news/2016_research_asst_prof.php,http://www.memphis.edu/iss/current_international_students,http://www.memphis.edu/vecl,http://www.memphis.edu/chlhc/projects/index.php,http://www.memphis.edu/cs/programs/ms_computer_science.php
5,http://www.memphis.edu/sph/students_alumni/index.php,http://www.memphis.edu/psi/documents/symposium-presentation-jac-framework-dyg-final-10-12-17.pptx,http://www.memphis.edu/herff/future_students/future_undergrad.php,http://www.memphis.edu/sph/students_alumni/index.php,http://www.memphis.edu/cs/news_and_events/news/2015_cansec.php,http://www.memphis.edu/english/graduate/gradcourses.php,http://www.memphis.edu/bluegoesgreen/getinvolved.php,http://www.memphis.edu/suapp/research_and_outreach,http://www.memphis.edu/sph/students_alumni/index.php,http://www.memphis.edu/cs/current_students/student_orgs.php
6,http://www.memphis.edu/herff/future_students/visitherff.php,http://www.memphis.edu/herff/future_students,http://www.memphis.edu/history/faculty/faculty/peter-brand.php,http://www.memphis.edu/herff/future_students/visitherff.php,http://www.memphis.edu/cs/courses/graduate.php,http://www.memphis.edu/internationalmba/,http://www.memphis.edu/parking/permit/priority.php,http://www.memphis.edu/socialwork/research/poverty_fact_sheets.php,http://www.memphis.edu/herff/future_students/visitherff.php,http://www.memphis.edu/cs/news_and_events/news/2017_cfia_local24.php
7,http://www.memphis.edu/rsp/development,http://www.memphis.edu/cs/people/faculty_pages/lan-wang.php,http://www.memphis.edu/afrotc/contact/index.php,http://www.memphis.edu/rsp/development,http://www.memphis.edu/cs/news_and_events/news/2017_venugopal_ijcai.php,http://www.memphis.edu/ssp/apply/testimonials.php,http://www.memphis.edu/iss/international_admissions,http://www.memphis.edu/processimprovement,http://www.memphis.edu/rsp/development,http://www.memphis.edu/biology/lab-homayouni/index.php
8,http://www.memphis.edu/indium/facilities/index.php,http://www.memphis.edu/herff/alumni/events.php,http://www.memphis.edu/umparents/about/mission_goals.php,http://www.memphis.edu/indium/facilities/index.php,http://www.memphis.edu/cs/news_and_events/news/2017_cast_drones_grants.php,http://www.memphis.edu/accolades/2016/students/honors-assembly.php,http://www.memphis.edu/cris/about/staff.php,http://www.memphis.edu/internships/facultyguide,http://www.memphis.edu/indium/facilities/index.php,http://www.memphis.edu/cs/news_and_events/news/2015_cansec.php
9,http://www.memphis.edu/indium/students/index.php,http://www.memphis.edu/et/current/policies.php,http://www.memphis.edu/accolades/2016/research/new-pis.php,http://www.memphis.edu/indium/students/index.php,http://www.memphis.edu/cs/news_and_events/news/2015_new_grants.php,http://www.memphis.edu/cs/news_and_events/news/2017_md2k_meeting.php,http://www.memphis.edu/advocate/,http://www.memphis.edu/earthsciences/programs/index.php,http://www.memphis.edu/indium/students/index.php,http://www.memphis.edu/iis/resources/index.php
10,http://www.memphis.edu/chlhc/publications/index.php,http://www.memphis.edu/umtech/service_catalog/servers_storage/datacenter.php,http://www.memphis.edu/history/computing_resources.php,http://www.memphis.edu/chlhc/publications/index.php,http://www.memphis.edu/cs/people/index.php,http://www.memphis.edu/audit/faq.php,http://www.memphis.edu/registrar/students/selfserv/schedule.php,http://www.memphis.edu/iis/projects/index.php,http://www.memphis.edu/chlhc/publications/index.php,http://www.memphis.edu/cs/current_students/forms.php
11,http://www.memphis.edu/crep/research/,http://www.memphis.edu/cs/news_and_events/news/2015_cansec.php,http://www.memphis.edu/history/focus_afam_southern.php,http://www.memphis.edu/crep/research/,http://www.memphis.edu/cs/programs/ms_computer_science.php,http://www.memphis.edu/cs/news_and_events/news/2017_wang_patent.php,http://www.memphis.edu/planning/people/reza-banai.php,http://www.memphis.edu/enrollment/onestop/index.php,http://www.memphis.edu/crep/research/,http://www.memphis.edu/physics/SHOPP/2015-spring-topics.php
12,http://www.memphis.edu/shs/faculty/index.php,http://www.memphis.edu/iis/resources/index.php,http://www.memphis.edu/earthsciences/faculty_people,http://www.memphis.edu/shs/faculty/index.php,http://www.memphis.edu/cs/current_students/student_orgs.php,http://www.memphis.edu/cognitive-science/,http://www.memphis.edu/tobacco/index.php,http://www.memphis.edu/libraries/instruction/index.php,http://www.memphis.edu/shs/faculty/index.php,http://www.memphis.edu/efiles/index.htm
13,http://www.memphis.edu/sbber/contactus/ryanhanson.php,http://www.memphis.edu/cs/news_and_events/news/2016_bdpa_app_showcase.php,http://www.memphis.edu/ccfa/news/voices/winter2015/bobick.php,http://www.memphis.edu/sbber/contactus/ryanhanson.php,http://www.memphis.edu/cs/news_and_events/news/2017_dasgupta_textbook_auth.php,http://www.memphis.edu/architecture/communityengagement/summerprogram.php,http://www.memphis.edu/bluegoesgreen/contactus.php,http://www.memphis.edu/careerservices/employers/index.php,http://www.memphis.edu/sbber/contactus/ryanhanson.php,http://www.memphis.edu/cs/people/faculty_pages/dipankar-dasgupta.php
14,http://www.memphis.edu/enrollment/onestop/contact_us.php,http://www.memphis.edu/fcbe/programs,http://www.memphis.edu/history/ma_program/,http://www.memphis.edu/enrollment/onestop/contact_us.php,http://www.memphis.edu/biology/centers/,http://www.memphis.edu/psychology/graduate/schmodel.php,http://www.memphis.edu/communications/socialmedia/emojis.php,http://www.memphis.edu/cwc/about/students.php,http://www.memphis.edu/enrollment/onestop/contact_us.php,http://www.memphis.edu/cs/courses/graduate.php
15,http://www.memphis.edu/physics/SHOPP/2015-fall-topics.php,http://www.memphis.edu/bitm/research/abstracts/2013_zhang.php,http://www.memphis.edu/umtech/teaching/umservices/umapps.php,http://www.memphis.edu/physics/SHOPP/2015-fall-topics.php,http://www.memphis.edu/biology/undergraduate/index.php,http://www.memphis.edu/accolades/creative-works/index.php,http://www.memphis.edu/communication/graduate,http://www.memphis.edu/fogelmangalleries/about/contact_us.php,http://www.memphis.edu/physics/SHOPP/2015-fall-topics.php,http://www.memphis.edu/cs/news_and_events/news/2017_venugopal_ijcai.php
16,http://www.memphis.edu/crow/current_research/products.php,http://www.memphis.edu/et/current/fields_of_study.php,http://www.memphis.edu/theatre/productionarchives/2012-2013/normalheart.php,http://www.memphis.edu/crow/current_research/products.php,http://www.memphis.edu/iis/resources/index.php,http://www.memphis.edu/conferences/facilities/vcc.php,http://www.memphis.edu/parking/resources/article3.php,http://www.memphis.edu/polisci/jd-ma-program/index.php,http://www.memphis.edu/crow/current_research/products.php,http://www.memphis.edu/about/directions.php
17,http://www.memphis.edu/cies/donate/index.php,http://www.memphis.edu/uofmglobal/degrees/graduate/certificate-philanthropy-nonprofit-leadership.php,,http://www.memphis.edu/cies/donate/index.php,http://www.memphis.edu/biology/seminars-news/newsletter.php,http://www.memphis.edu/annualgiving/matching.php,http://www.memphis.edu/bluegoesgreen/,http://www.memphis.edu/fogelmangalleries/about/index.php,http://www.memphis.edu/cies/donate/index.php,http://www.memphis.edu/wilson
18,http://www.memphis.edu/indium/seminars/,http://www.memphis.edu/cs/research/student_research.php,,http://www.memphis.edu/indium/seminars/,http://www.memphis.edu/drs/about/staff.php,http://www.memphis.edu/crisis,http://www.memphis.edu/cris/about/hours.php,http://www.memphis.edu/careerservices/alumni/searchjobs.php,http://www.memphis.edu/indium/seminars/,http://www.memphis.edu/cs/news_and_events/news/2016_vlhcc_best_paper.php
19,http://www.memphis.edu/tsf/staff/index.php,http://www.memphis.edu/fcbe/news/archive/2017/fcbe_1031.php,,http://www.memphis.edu/tsf/staff/index.php,http://www.memphis.edu/drs/campusaccess,http://www.memphis.edu/consider/,http://www.memphis.edu/completion/,http://www.memphis.edu/police/incidents/index.php,http://www.memphis.edu/tsf/staff/index.php,http://www.memphis.edu/feinstone/purpose/
20,http://www.memphis.edu/physics/undergraduate/permit/ugpermit.php,http://www.memphis.edu/sete/docs/sirs_summary_form.doc,,http://www.memphis.edu/physics/undergraduate/permit/ugpermit.php,http://www.memphis.edu/cs/news_and_events/news/2017_creative_game_design_camp.php,http://www.memphis.edu/cs/career_opportunities/index.php,http://www.memphis.edu/planning/about/index.php,http://www.memphis.edu/art/programs/bfa_studioarts.php,http://www.memphis.edu/physics/undergraduate/permit/ugpermit.php,http://www.memphis.edu/cs/news_and_events/news/2017_daigle_arl.php
21,http://www.memphis.edu/iss/resources,http://www.memphis.edu/iis/talks/index.php,,http://www.memphis.edu/iss/resources,http://www.memphis.edu/rsp/vice_president/research_foundation.php,http://www.memphis.edu/freshconnections/contact_us.php,http://www.memphis.edu/iss/resources/events.php,http://www.memphis.edu/gsa/about/constitution.php,http://www.memphis.edu/iss/resources/index.php,http://www.memphis.edu/eece/programs/phd.php
22,http://www.memphis.edu/iss/resources/index.php,http://www.memphis.edu/cs/news_and_events/news/2015_cyber_defense_research.php,,http://www.memphis.edu/iss/resources/index.php,http://www.memphis.edu/cs/current_students/forms.php,http://www.memphis.edu/bioinformatics/people/faculty/affiliates/jennifer_mandel.php,http://www.memphis.edu/planning/programs/undergraduate-study.php,http://www.memphis.edu/libraries/special-collections,http://www.memphis.edu/iss/resources,http://www.memphis.edu/cs/people/faculty_pages/james-yu.php
23,http://www.memphis.edu/cristal/about/index.php,http://www.memphis.edu/et/future/substitutions.php,,http://www.memphis.edu/cristal/about/index.php,http://www.memphis.edu/physics/SHOPP/2015-spring-topics.php,http://www.memphis.edu/fedex/ott/presentations.php,http://www.memphis.edu/shs/research/mal_authorship_guidelines.php,http://www.memphis.edu/libraries/resources/index.php,http://www.memphis.edu/cristal/about/index.php,http://www.memphis.edu/cs/news_and_events/news/2015_nsbe_hackathon.php
24,http://www.memphis.edu/advocate/resources/tigers-on-the-hill.php,http://www.memphis.edu/herff/future_students/grad_fellowships.php,,http://www.memphis.edu/advocate/resources/tigers-on-the-hill.php,http://www.memphis.edu/efiles/index.htm,http://www.memphis.edu/fcbe/news/archive/2015/spiceland_0825.php,http://www.memphis.edu/cwc/resources.php,http://www.memphis.edu/physics/seminars/fall13.php,http://www.memphis.edu/advocate/resources/tigers-on-the-hill.php,http://www.memphis.edu/cs/news_and_events/news/2017_cast_drones_grants.php
25,http://www.memphis.edu/summer/incentives/index.php,http://www.memphis.edu/memphistem/facts.php,,http://www.memphis.edu/summer/incentives/index.php,http://www.memphis.edu/cs/people/faculty_pages/dipankar-dasgupta.php,http://www.memphis.edu/accolades/university-awards/sparks-award.php,http://www.memphis.edu/herff/future_students/visitherff.php,http://www.memphis.edu/art/resources/scholarship.php,http://www.memphis.edu/summer/incentives/index.php,http://www.memphis.edu/uofmglobal/about/
26,http://www.memphis.edu/processimprovement/faq.php,http://www.memphis.edu/cfia/scholarships/index.php,,http://www.memphis.edu/processimprovement/faq.php,http://www.memphis.edu/history/undergraduate/scholarships.php,http://www.memphis.edu/clas/,http://www.memphis.edu/summer/incentives/index.php,http://www.memphis.edu/uofmglobal/degrees/humanities.php,http://www.memphis.edu/processimprovement/faq.php,http://www.memphis.edu/cs/career_opportunities/internships.php
27,http://www.memphis.edu/herff/future_students,http://www.memphis.edu/legal/contracts_explanation.php,,http://www.memphis.edu/herff/future_students,http://www.memphis.edu/cs/news_and_events/news/2017_tigers_tech_expedition.php,http://www.memphis.edu/physics/people/profiles/elizabeth-gire.php,http://www.memphis.edu/herff/future_students,http://www.memphis.edu/abroad/funding/financial_aid.php,http://www.memphis.edu/herff/future_students,http://www.memphis.edu/accountancy/courses/index.php
28,http://www.memphis.edu/earthsciences/contact.php,http://www.memphis.edu/et/accreditation/index.php,,http://www.memphis.edu/earthsciences/contact.php,http://www.memphis.edu/biology/people,http://www.memphis.edu/veterans/scholarships/tn-national-guard.php,http://www.memphis.edu/herff/alumni/events.php,http://www.memphis.edu/careerservices/faculty-staff/refer-students.php,http://www.memphis.edu/earthsciences/contact.php,http://www.memphis.edu/cs/news_and_events/news/2015_new_grants.php
29,http://www.memphis.edu/crow/about/index.php,http://www.memphis.edu/cs/dvngopal/index.php,,http://www.memphis.edu/crow/about/index.php,http://www.memphis.edu/chem/programs/smacs/index.php,http://www.memphis.edu/presweb/communications/20160826enrollmentacrosstn.php,http://www.memphis.edu/accountancy/admissions/financial_assistance.php,http://www.memphis.edu/campuscard/dining-locations.php,http://www.memphis.edu/crow/about/index.php,http://www.memphis.edu/libraries/learningcommons/training.php
30,http://www.memphis.edu/advocate/contact/,http://www.memphis.edu/et/current/clubs.php,,http://www.memphis.edu/advocate/contact/,http://www.memphis.edu/cas/future-students/index.php,http://www.memphis.edu/philosophy/people/bios/hoke-robinson.php,http://www.memphis.edu/bitm/faculty/,http://www.memphis.edu/earthsciences/faculty_people/charles-mcnutt.php,http://www.memphis.edu/advocate/contact/,http://www.memphis.edu/libraries/special-collections/index.php
31,http://www.memphis.edu/herff/alumni/events.php,http://www.memphis.edu/sete/docs/evalform.doc,,http://www.memphis.edu/herff/alumni/events.php,http://www.memphis.edu/gradcatalog/degree_planning/cas/,http://www.memphis.edu/admissions/international/timeframe.php,http://www.memphis.edu/accountancy/admissions/hot_links.php,http://www.memphis.edu/physics/materials-day2017/speakers-morning-session.php,http://www.memphis.edu/herff/alumni/events.php,http://www.memphis.edu/uofmglobal/degrees/graduate/ma-liberal-studies.php
32,http://www.memphis.edu/iss/travel/emergency_announcements.php,http://www.memphis.edu/bme,,http://www.memphis.edu/iss/travel/emergency_announcements.php,http://www.memphis.edu/cas/graduate/graduate-late-registration-add.php,http://www.memphis.edu/sga/,http://www.memphis.edu/accountancy/courses,http://www.memphis.edu/polisci/news-events/newsletter.php,http://www.memphis.edu/iss/travel/emergency_announcements.php,http://www.memphis.edu/eece/research.php
33,http://www.memphis.edu/cies/resources/index.php,http://www.memphis.edu/cwc/staff.php,,http://www.memphis.edu/cies/resources/index.php,http://www.memphis.edu/cs/news_and_events/news/2016_coling.php,http://www.memphis.edu/truebluefuture,http://www.memphis.edu/workforce/,http://www.memphis.edu/aleks/take-exam/index.php,http://www.memphis.edu/cies/resources/index.php,http://www.memphis.edu/cs/news_and_events/news/2016_python_workshop.php
34,http://www.memphis.edu/nso/information/nso_freshmen.php,http://www.memphis.edu/gradschool/events,,http://www.memphis.edu/nso/information/nso_freshmen.php,http://www.memphis.edu/msci/about/index.php,http://www.memphis.edu/iss/,http://www.memphis.edu/economics/faculty/jpcnnng2.php,http://www.memphis.edu/efiles/announcements/index.php,http://www.memphis.edu/nso/information/nso_freshmen.php,http://www.memphis.edu/cs/people/staff.php
35,http://www.memphis.edu/abroad/faculty/index.php,http://www.memphis.edu/bitm/research/abstracts/2012_lee.php,,http://www.memphis.edu/abroad/faculty/index.php,http://www.memphis.edu/chem/programs/grad/assistantships.php,http://www.memphis.edu/cies/events/index.php,http://www.memphis.edu/dualenrollment/hs_counselors/index.php,http://www.memphis.edu/careerservices/students-alumni/apply.php,http://www.memphis.edu/abroad/faculty/index.php,http://www.memphis.edu/cs/news_and_events/news/2017_python_workshop.php
36,http://www.memphis.edu/gradschool/news/j_jarvis.php,http://www.memphis.edu/fedex/research,,http://www.memphis.edu/gradschool/news/j_jarvis.php,http://www.memphis.edu/about/directions.php,http://www.memphis.edu/mediaroom/contact/,http://www.memphis.edu/gradcatalog/admission_reg/international.php,http://www.memphis.edu/libraries/administration/facsurv2001.php,http://www.memphis.edu/gradschool/news/j_jarvis.php,http://www.memphis.edu/cs/news_and_events/news/2016_july_papers.php
37,http://www.memphis.edu/gradschool/current_students/tdguide.php,http://www.memphis.edu/herff/about/facts.php,,http://www.memphis.edu/gradschool/current_students/tdguide.php,http://www.memphis.edu/wilson,http://www.memphis.edu/admissions/pep/pep_eligibility.php,http://www.memphis.edu/lipman/pals/index.php,http://www.memphis.edu/armyrotc/news_and_events.php,http://www.memphis.edu/gradschool/current_students/tdguide.php,http://www.memphis.edu/rsp/vice_president
38,http://www.memphis.edu/health/,http://www.memphis.edu/ce/about/accreditation.php,,http://www.memphis.edu/health/,http://www.memphis.edu/cs/news_and_events/news/2017_cs_research_day.php,http://www.memphis.edu/bitm/research/abstracts/2011_meservy.php,http://www.memphis.edu/emprelations/guide.php,http://www.memphis.edu/gamblinglab,http://www.memphis.edu/health/,http://www.memphis.edu/iis/people/index.php
39,http://www.memphis.edu/accounting/areas.php,http://www.memphis.edu/herff/about/accreditation.php,,http://www.memphis.edu/accounting/areas.php,http://www.memphis.edu/cs/news_and_events/news/2016_vlhcc_best_paper.php,http://www.memphis.edu/cs/contact/index.php,http://www.memphis.edu/ccfa/programs/apply_graduation.php,http://www.memphis.edu/planning/crp_giving.php,http://www.memphis.edu/accounting/links.php,http://www.memphis.edu/cs/people/faculty_pages/kriangsiri-malasri.php
40,http://www.memphis.edu/accounting/links.php,http://www.memphis.edu/financialaid/graduate/tep.php,,http://www.memphis.edu/accounting/links.php,http://www.memphis.edu/cfia/projects/gencyber.php,http://www.memphis.edu/cs/news_and_events/newsletters.php,http://www.memphis.edu/cies/news/index.php,http://www.memphis.edu/communications/index.php,http://www.memphis.edu/accounting/areas.php,http://www.memphis.edu/cs/news_and_events/news/2017_md2k_meeting.php
41,http://www.memphis.edu/studentaffairs/support/index.php,http://www.memphis.edu/cs/nirman-kumar/index.php,,http://www.memphis.edu/studentaffairs/support/index.php,http://www.memphis.edu/feinstone/purpose/,http://www.memphis.edu/legal/forms/index.php,http://www.memphis.edu/nursing/index.php,http://www.memphis.edu/imc/staff/index.php,http://www.memphis.edu/studentaffairs/support/index.php,http://www.memphis.edu/cs/news_and_events/news/2017_aaai.php
42,http://www.memphis.edu/cifts/,http://www.memphis.edu/me/program/undergraduate/program_objective.php,,http://www.memphis.edu/cifts/,http://www.memphis.edu/cs/news_and_events/news/2017_daigle_arl.php,http://www.memphis.edu/multiculturalaffairs/ems-calendar.php,http://www.memphis.edu/herff/about/facts.php,http://www.memphis.edu/egypt/staff/corcoran.php,http://www.memphis.edu/cifts/,http://www.memphis.edu/libraries/govpub/dscrdcntcts.php
43,http://www.memphis.edu/gradschool/directory.php,http://www.memphis.edu/wangcenter/,,http://www.memphis.edu/gradschool/directory.php,http://www.memphis.edu/eece/programs/phd.php,http://www.memphis.edu/bitm/research/abstracts/2009_kettinger.php,http://www.memphis.edu/herff/about/accreditation.php,http://www.memphis.edu/egypt/teaching/ugconcentration.php,http://www.memphis.edu/gradschool/directory.php,http://www.memphis.edu/eece/programs/ee.php
44,http://www.memphis.edu/indium/objectives/,http://www.memphis.edu/me/index.php,,http://www.memphis.edu/indium/objectives/,http://www.memphis.edu/mediaroom/releases/2017/july17/disasterresiliencegrant.php,http://www.memphis.edu/admissions/transfer/pathways.php,http://www.memphis.edu/cdmba/contact/index.php,http://www.memphis.edu/aa/resources/facres/tenurepromotion/index.php,http://www.memphis.edu/indium/objectives/,http://www.memphis.edu/eece/programs/undergraduate.php
45,http://www.memphis.edu/iss/current_international_students/taxes.php,http://www.memphis.edu/herff/students,,http://www.memphis.edu/iss/current_international_students/taxes.php,http://www.memphis.edu/cs/news_and_events/news/2017_dasgupta_interview_david_fogel.php,http://www.memphis.edu/bitm/research/abstracts/2008_huang.php,http://www.memphis.edu/me/program/undergraduate/program_objective.php,http://www.memphis.edu/iis/resources/index.php,http://www.memphis.edu/iss/current_international_students/taxes.php,http://www.memphis.edu/cs/news_and_events/news/2017_interdisciplinary_innovation_awards.php
46,http://www.memphis.edu/bitm/programs/phdcourses.php,http://www.memphis.edu/mediaroom/releases/dec15/sweetbio.php,,http://www.memphis.edu/bitm/programs/phdcourses.php,http://www.memphis.edu/hpc/,http://www.memphis.edu/lead/faculty/,http://www.memphis.edu/herff/students,http://www.memphis.edu/careerservices/employers/why-tiger-talent.php,http://www.memphis.edu/bitm/programs/phdcourses.php,http://www.memphis.edu/cs/news_and_events/news/2017_instructor_position_2.php
47,http://www.memphis.edu/mediaroom/videos.php,http://www.memphis.edu/fedex/about.php,,http://www.memphis.edu/mediaroom/videos.php,http://www.memphis.edu/cs/people/faculty_pages/james-yu.php,http://www.memphis.edu/bioinformatics/people/index.php,http://www.memphis.edu/ccfa/resources/faculty_staff/tp_guide.php,http://www.memphis.edu/auxiliary/copven.php,http://www.memphis.edu/mediaroom/videos.php,http://www.memphis.edu/cs/future_students/international.php
48,http://www.memphis.edu/pp/doc/issuestockticket.doc,http://www.memphis.edu/herff/about/facultyandstaff.php,,http://www.memphis.edu/pp/doc/issuestockticket.doc,http://www.memphis.edu/drs/assistivetech/loanequip.php,http://www.memphis.edu/corporatepartnerships/onestopshop/,http://www.memphis.edu/ccfa/programs/index.php,http://www.memphis.edu/art/people/index.php,http://www.memphis.edu/pp/doc/issuestockticket.doc,http://www.memphis.edu/cs/news_and_events/news/2017_dasgupta_textbook_auth.php
49,http://www.memphis.edu/legal/contact.php,http://www.memphis.edu/herff/future_students/computer_req.php,,http://www.memphis.edu/legal/contact.php,http://www.memphis.edu/cs/news_and_events/news/2015_nsbe_hackathon.php,http://www.memphis.edu/procurement/tigerbuy/vendor.php,http://www.memphis.edu/benefits/info/process.php,http://www.memphis.edu/art/facilities/art_history.php,http://www.memphis.edu/legal/contact.php,http://www.memphis.edu/cs/programs/bs_conc_cyber_security.php
50,http://www.memphis.edu/lawcalendar,http://www.memphis.edu/uofmglobal/services/technology/more-services.php,,http://www.memphis.edu/lawcalendar,http://www.memphis.edu/uofmglobal/about/,http://www.memphis.edu/cs/about/accolades_faculty.php,http://www.memphis.edu/studentconduct/,http://www.memphis.edu/ccfa/donors/index.php,http://www.memphis.edu/lawcalendar,http://www.memphis.edu/registrar/forms/index.php
51,http://www.memphis.edu/financialaid/graduate,http://www.memphis.edu/physics/seminars/fall13.php,,http://www.memphis.edu/financialaid/graduate,http://www.memphis.edu/cs/career_opportunities/internships.php,http://www.memphis.edu/careerservices,http://www.memphis.edu/studentaffairs/about/mission.php,http://www.memphis.edu/lifeskills/careerdevelopment.php,http://www.memphis.edu/financialaid/graduate,http://www.memphis.edu/registrar/faculty/selfserv/grading.php
52,http://www.memphis.edu/cies/news/general_announcements.php,http://www.memphis.edu/afrotc/prospective-students/index.php,,http://www.memphis.edu/cies/news/general_announcements.php,http://www.memphis.edu/emprelations/winnerarchive.php,http://www.memphis.edu/firstscholars/about/participants.php,http://www.memphis.edu/studentaffairs/students/tigerstorydekitra.php,http://www.memphis.edu/gradschool/resources/ucgs_members.php,http://www.memphis.edu/cies/news/general_announcements.php,http://www.memphis.edu/honors/program
53,http://www.memphis.edu/gradschool/news/sci_phd.php,http://www.memphis.edu/law/current-students/graduation-requirements.php,,http://www.memphis.edu/gradschool/news/sci_phd.php,http://www.memphis.edu/accountancy/contact/index.php,http://www.memphis.edu/jrsm/about/community_outreach.php,http://www.memphis.edu/communication/graduate/courses.php,http://www.memphis.edu/gsa/,http://www.memphis.edu/gradschool/news/sci_phd.php,http://www.memphis.edu/cs/news_and_events/news/2017_cra_w.php
54,http://www.memphis.edu/studentaffairs/faculty-staff/pd.php,http://www.memphis.edu/umtech/service_catalog/servers_storage/index.php,,http://www.memphis.edu/studentaffairs/faculty-staff/pd.php,http://www.memphis.edu/accountancy/courses/index.php,http://www.memphis.edu/abroad/index.php,http://www.memphis.edu/uofmglobal/degrees/humanities.php,http://www.memphis.edu/cs/current_students/forms.php,http://www.memphis.edu/studentaffairs/faculty-staff/pd.php,http://www.memphis.edu/registrar/forms/
55,http://www.memphis.edu/ieaaa/sacscoc.php,http://www.memphis.edu/herff/eday.php,,http://www.memphis.edu/presweb/firstlady,http://www.memphis.edu/cs/about,http://www.memphis.edu/ssp/calendar/index.php,http://www.memphis.edu/abroad/funding/financial_aid.php,http://www.memphis.edu/art/programs/foundation_studies.php,http://www.memphis.edu/presweb/firstlady,http://www.memphis.edu/cristal/stem_opportunities/teachers.php
56,http://www.memphis.edu/presweb/firstlady,http://www.memphis.edu/cfia/student-success/cyberseed.php,,http://www.memphis.edu/ieaaa/sacscoc.php,http://www.memphis.edu/libraries/learningcommons/training.php,http://www.memphis.edu/ssp/staff,http://www.memphis.edu/accountancy/contact/index.php,http://www.memphis.edu/socialwork/cayd/services/research-dissemination.php,http://www.memphis.edu/ieaaa/sacscoc.php,http://www.memphis.edu/cs/news_and_events/news/2015_rus_best_paper.php
57,http://www.memphis.edu/recruitment/,http://www.memphis.edu/cs/news_and_events/news/2015_tim_whitehorn.php,,http://www.memphis.edu/recruitment/,http://www.memphis.edu/libraries/special-collections/index.php,http://www.memphis.edu/philosophy/people/graduate-students.php,http://www.memphis.edu/herff/eday.php,http://www.memphis.edu/benefits/info/workerscomp.php,http://www.memphis.edu/recruitment/,http://www.memphis.edu/eece/future.php
58,http://www.memphis.edu/iss/new_international_students/requesting_the_f1_visa.php,http://www.memphis.edu/uofmglobal/degrees/graduate/graduate-health-professions.php,,http://www.memphis.edu/iss/new_international_students/requesting_the_f1_visa.php,http://www.memphis.edu/uofmglobal/degrees/graduate/ma-liberal-studies.php,http://www.memphis.edu/bitm/research/abstracts/1997_guha.php,http://www.memphis.edu/accountancy/faculty/klambert.php,http://www.memphis.edu/envr/contact.php,http://www.memphis.edu/iss/new_international_students/requesting_the_f1_visa.php,http://www.memphis.edu/cs/news_and_events/news/2017_nsa_codebreaker.php
59,http://www.memphis.edu/spahcc/contact,http://www.memphis.edu/uofmglobal/admissions/smartstart.php,,http://www.memphis.edu/spahcc/contact,http://www.memphis.edu/mediaroom/releases/2017/july17/alcoholabusegrant.php,http://www.memphis.edu/fcbe/news/archive/2017/rezaee_0809.php,http://www.memphis.edu/communication/people/stewart.php,http://www.memphis.edu/careerservices/alumni/resumes.php,http://www.memphis.edu/spahcc/contact,http://www.memphis.edu/physics/resources/facilities/synthesis_lab.php
60,http://www.memphis.edu/gsa/calendar/index.php,http://www.memphis.edu/nursing/students/uniforms_and_supplies.php,,http://www.memphis.edu/gsa/calendar/index.php,http://www.memphis.edu/fcbe/news/archive/2017/fcbe_1031.php,http://www.memphis.edu/wll/spanish/faculty-profiles/inmaculada-gomez-soler.php,http://www.memphis.edu/communication/about/contact.php,http://www.memphis.edu/libraries/technology/browzine.php,http://www.memphis.edu/gsa/calendar/index.php,http://www.memphis.edu/cs/people/faculty_pages/lan-wang.php
61,http://www.memphis.edu/quaesitum/submission_guidelines/,http://www.memphis.edu/fedex/research/cast/events.php,,http://www.memphis.edu/quaesitum/submission_guidelines/,http://www.memphis.edu/eece/research.php,http://www.memphis.edu/registrar/faculty/selfserv/email-adv.php,http://www.memphis.edu/cs/programs/ms_computer_science.php,http://www.memphis.edu/art/about/contact.php,http://www.memphis.edu/quaesitum/submission_guidelines/,http://www.memphis.edu/iis/people/faculty_affiliates/myeasin.php
62,http://www.memphis.edu/bursar/accessinfo.php,http://www.memphis.edu/physics/materials-day2017/speakers-morning-session.php,,http://www.memphis.edu/admissions/freshmen/app_rev.php,http://www.memphis.edu/chem/programs/grad/apply.php,http://www.memphis.edu/bitm/research/abstracts/2006_simon_2.php,http://www.memphis.edu/accountancy/faculty/cjlngstr.php,http://www.memphis.edu/physics/SHOPP/2015-spring-topics.php,http://www.memphis.edu/admissions/freshmen/app_rev.php,http://www.memphis.edu/cas/advising/upper-division.php
63,http://www.memphis.edu/admissions/freshmen/app_rev.php,http://www.memphis.edu/me/program/undergraduate/bsme_course_descriptions.php,,http://www.memphis.edu/bursar/accessinfo.php,http://www.memphis.edu/cs/news_and_events/news/2016_python_workshop.php,http://www.memphis.edu/fcbephd/academics/protocol_bitm.php,http://www.memphis.edu/uofmglobal/admissions/smartstart.php,http://www.memphis.edu/efiles/index.htm,http://www.memphis.edu/bursar/accessinfo.php,http://www.memphis.edu/stem/contact.php
64,http://www.memphis.edu/accountancy/admissions/financial_assistance.php,http://www.memphis.edu/tnstc/cyber_security.php,,http://www.memphis.edu/accountancy/admissions/financial_assistance.php,http://www.memphis.edu/cs/people/staff.php,http://www.memphis.edu/csd/msconference.php,http://www.memphis.edu/uofmglobal/degrees/graduate/graduate-health-professions.php,http://www.memphis.edu/careerservices/employers/tiger-talent.php,http://www.memphis.edu/accountancy/admissions/financial_assistance.php,http://www.memphis.edu/cs/news_and_events/news/2017_creative_game_design_camp.php
65,http://www.memphis.edu/bitm/faculty/,http://www.memphis.edu/efiles/announcements/index.php,,http://www.memphis.edu/bitm/faculty/,http://www.memphis.edu/cs/news_and_events/news/2016_kumar_news.php,http://www.memphis.edu/mscm/faculty/smehra.php,http://www.memphis.edu/benefits/info/email.php,http://www.memphis.edu/careerservices/employers/interviewing.php,http://www.memphis.edu/bitm/faculty/,http://www.memphis.edu/cs/news_and_events/news/2017_dasgupta_mmm_acns.php
66,http://www.memphis.edu/cs/news_and_events/news/2017_cfia_cansec.php,http://www.memphis.edu/eece/people.php,,http://www.memphis.edu/cs/news_and_events/news/2017_cfia_cansec.php,http://www.memphis.edu/sociology/people/faculty_and_staff/cynthia-stockton.php,http://www.memphis.edu/parking/permit/priority.php,http://www.memphis.edu/cies/iss/index.php,http://www.memphis.edu/earthsciences/programs/graduate/certificates.php,http://www.memphis.edu/cs/news_and_events/news/2017_cfia_cansec.php,http://www.memphis.edu/eece/programs/cpe.php
67,http://www.memphis.edu/studentaffairs/purpose/diversity.php,http://www.memphis.edu/firstscholars,,http://www.memphis.edu/studentaffairs/purpose/diversity.php,http://www.memphis.edu/cs/news_and_events/news/2017_python_workshop.php,http://www.memphis.edu/rsp/forms.php,http://www.memphis.edu/accountancy/faculty/lmoore2.php,http://www.memphis.edu/amum/collections/index.php,http://www.memphis.edu/studentaffairs/purpose/diversity.php,http://www.memphis.edu/foundation/
68,http://www.memphis.edu/vpai/index.php,http://www.memphis.edu/cs/news_and_events/news/2015_dmello_kumar.php,,http://www.memphis.edu/vpai/index.php,http://www.memphis.edu/cs/news_and_events/news/2016_july_papers.php,http://www.memphis.edu/theatre/academicprograms/bfaintheatre.php,http://www.memphis.edu/nursing/programs/freshman_pre_admission_to_the_bsn_program.php,http://www.memphis.edu/aaas/contact.php,http://www.memphis.edu/vpai/index.php,http://www.memphis.edu/careerservices/employers
69,http://www.memphis.edu/ccfa/news/thisismemphis.php,http://www.memphis.edu/umtech/service_catalog/computers/index.php,,http://www.memphis.edu/ccfa/news/thisismemphis.php,http://www.memphis.edu/rsp/vice_president,http://www.memphis.edu/lambuth/services/new-and-expectant-parents.php,http://www.memphis.edu/busserv/,http://www.memphis.edu/envr/resources/index.php,http://www.memphis.edu/ccfa/news/thisismemphis.php,http://www.memphis.edu/cs/people/alumni.php
70,http://www.memphis.edu/ccfa/faculty/communication.php,http://www.memphis.edu/et/future/index.php,,http://www.memphis.edu/ccfa/faculty/communication.php,http://www.memphis.edu/iis/people/index.php,http://www.memphis.edu/presweb/communications/20160722uofmdiversitycouncil.php,http://www.memphis.edu/nutraceutical/,http://www.memphis.edu/accountancy/faculty/kbsrnsen.php,http://www.memphis.edu/ccfa/faculty/communication.php,http://www.memphis.edu/physics
71,http://www.memphis.edu/studentaffairs/purpose/excellence.php,http://www.memphis.edu/autoid/index.php,,http://www.memphis.edu/studentaffairs/purpose/excellence.php,http://www.memphis.edu/cs/people/faculty_pages/kriangsiri-malasri.php,http://www.memphis.edu/bitm/research/abstracts/2016_stafford.php,http://www.memphis.edu/shs/students/internships.php,http://www.memphis.edu/earthsciences/programs/graduate/graduate-prospective-students.php,http://www.memphis.edu/studentaffairs/purpose/excellence.php,http://www.memphis.edu/wll/spanish/faculty-profiles/diana-ruggiero.php
72,http://www.memphis.edu/cs/news_and_events/news/2015_research_day_winners.php,http://www.memphis.edu/sbber/index.php,,http://www.memphis.edu/cs/news_and_events/news/2015_research_day_winners.php,http://www.memphis.edu/accolades/2016/service-awards.php,http://www.memphis.edu/philosophy/people/bios/pleshette-dearmitt.php,http://www.memphis.edu/cs/current_students/student_orgs.php,http://www.memphis.edu/rlgn/career-opportunities.php,http://www.memphis.edu/cs/news_and_events/news/2015_research_day_winners.php,http://www.memphis.edu/cs/people/part_time.php
73,http://www.memphis.edu/cccr/news/index.php,http://www.memphis.edu/physics/people/index.php,,http://www.memphis.edu/cccr/news/index.php,http://www.memphis.edu/polisci/undergraduate/index.php,http://www.memphis.edu/ssp/about,http://www.memphis.edu/economics/programs/minor.php,http://www.memphis.edu/wumr/underwriting/underwriting_rates.php,http://www.memphis.edu/cccr/news/index.php,http://www.memphis.edu/history/undergraduate/scholarships.php
74,http://www.memphis.edu/accountancy/admissions/hot_links.php,http://www.memphis.edu/bitm/research/abstracts/2010_kettinger.php,,http://www.memphis.edu/accountancy/admissions/hot_links.php,http://www.memphis.edu/cs/news_and_events/news/2017_md2k_meeting.php,http://www.memphis.edu/iss/current_international_students/employment_volunteer.php,http://www.memphis.edu/nursing/programs,http://www.memphis.edu/dualenrollment/hs_teachers,http://www.memphis.edu/accountancy/courses,http://www.memphis.edu/cs/programs/ms_bioinformatics.php
75,http://www.memphis.edu/accountancy/courses,http://www.memphis.edu/cs/news_and_events/index.php,,http://www.memphis.edu/accountancy/courses,http://www.memphis.edu/cs/news_and_events/news/2017_aaai.php,http://www.memphis.edu/fcbe/news/archive/2016/nalick_1013.php,http://www.memphis.edu/accountancy/faculty/hkim20.php,http://www.memphis.edu/art/programs/grad_programs.php,http://www.memphis.edu/accountancy/admissions/hot_links.php,http://www.memphis.edu/cs/news_and_events/news/2015_game_design_camp.php
76,http://www.memphis.edu/cs/news_and_events/news/2017_iasp.php,http://www.memphis.edu/iis/people/faculty_affiliates/myeasin.php,,http://www.memphis.edu/cs/news_and_events/news/2017_iasp.php,http://www.memphis.edu/libraries/govpub/dscrdcntcts.php,http://www.memphis.edu/oie/policies/policies.php,http://www.memphis.edu/cdmba/index.php,http://www.memphis.edu/efiles,http://www.memphis.edu/cs/news_and_events/news/2017_iasp.php,http://www.memphis.edu/cs/news_and_events/news/2016_summer_camps.php
77,http://www.memphis.edu/stratplan/,http://www.memphis.edu/umtech/service_catalog/classroom/iprint.php,,http://www.memphis.edu/stratplan/,http://www.memphis.edu/eece/programs/ee.php,http://www.memphis.edu/bitm/research/abstracts/1999_david.php,http://www.memphis.edu/idt/idt_courses/,http://www.memphis.edu/rlgn/internships.php,http://www.memphis.edu/stratplan/,http://www.memphis.edu/cs/news_and_events/news/2017_malasri_dta.php
78,http://www.memphis.edu/vecl,http://www.memphis.edu/bioinformatics/people/faculty/affiliates/fridtjof_thomas.php,,http://www.memphis.edu/vecl,http://www.memphis.edu/eece/programs/undergraduate.php,http://www.memphis.edu/polisci/clubs.php,http://www.memphis.edu/idt/grad_info.php,http://www.memphis.edu/meeman/mission/index.php,http://www.memphis.edu/vecl,http://www.memphis.edu/cs/news_and_events/news/2017_tigers_tech_expedition.php
79,http://www.memphis.edu/advocate/federal.php,http://www.memphis.edu/cs/programs/index.php,,http://www.memphis.edu/advocate/federal.php,http://www.memphis.edu/cs/news_and_events/news/2017_interdisciplinary_innovation_awards.php,http://www.memphis.edu/cfia/projects/gencyber2016.php,http://www.memphis.edu/bitm/programs,http://www.memphis.edu/ifti/research/completed.php,http://www.memphis.edu/advocate/federal.php,http://www.memphis.edu/rsp/vice_president/faculty_incentive_pay_plan.php
80,http://www.memphis.edu/chem/about/outreach.php,http://www.memphis.edu/et/about/index.php,,http://www.memphis.edu/chem/about/outreach.php,http://www.memphis.edu/cs/people/retired_faculty.php,http://www.memphis.edu/history/phd_program/fields_of_study.php,http://www.memphis.edu/nursing/programs/nursing_education.php,http://www.memphis.edu/meeman/education/index.php,http://www.memphis.edu/chem/about/outreach.php,http://www.memphis.edu/me/faculty/srikant_gir.php
81,http://www.memphis.edu/ccfa/news/voices/spring2016.php,http://www.memphis.edu/its/security/duo.php,,http://www.memphis.edu/ccfa/resources/index.php,http://www.memphis.edu/cs/news_and_events/news/2017_instructor_position_2.php,http://www.memphis.edu/fedex/ott/invention_disclosure.php,http://www.memphis.edu/intl/curriculum/index.php,http://www.memphis.edu/art/resources/undergradstudents.php,http://www.memphis.edu/ccfa/resources/index.php,http://www.memphis.edu/chem/programs/smacs/index.php
82,http://www.memphis.edu/ccfa/resources/index.php,http://www.memphis.edu/careerservices/employers/why-tiger-talent.php,,http://www.memphis.edu/ccfa/news/voices/spring2016.php,http://www.memphis.edu/caas/resources.php,http://www.memphis.edu/fcbe/news/archive_flash/2016apr/02_pierce.php,http://www.memphis.edu/umtech/service_catalog/website/custweb.php,http://www.memphis.edu/earthsciences/faculty_people/ryan-parish.php,http://www.memphis.edu/ccfa/news/voices/spring2016.php,http://www.memphis.edu/gradcatalog/degree_planning/cas/
83,http://www.memphis.edu/gamblinglab/prospective/index.php,http://www.memphis.edu/registrar/forms/,,http://www.memphis.edu/gamblinglab/prospective/index.php,http://www.memphis.edu/cs/future_students/international.php,http://www.memphis.edu/presweb/communications/201612seasonsgreetings.php,http://www.memphis.edu/criticalconversations/,http://www.memphis.edu/iis/talks/index.php,http://www.memphis.edu/gamblinglab/prospective/index.php,http://www.memphis.edu/cas/graduate/graduate-late-registration-add.php
84,http://www.memphis.edu/workforce/,http://www.memphis.edu/iis/positions/index.php,,http://www.memphis.edu/workforce/,http://www.memphis.edu/cs/programs/bs_conc_cyber_security.php,http://www.memphis.edu/testing/services/clep.php,http://www.memphis.edu/vpbf/standcom,http://www.memphis.edu/meeman/species/reptiles_and_amphibians.php,http://www.memphis.edu/workforce/,http://www.memphis.edu/cas/future-students/index.php
85,http://www.memphis.edu/socialwork/research/poverty_fact_sheets.php,http://www.memphis.edu/umtech/service_catalog/classroom/softwaretaf.php,,http://www.memphis.edu/suapp/research_and_outreach,http://www.memphis.edu/fedex/newsroom/md2k_annual_meeting_pr.php,http://www.memphis.edu/theatre/about/contact.php,http://www.memphis.edu/umtech/smarttech_services/employment.php,http://www.memphis.edu/meeman/species/mammals.php,http://www.memphis.edu/suapp/research_and_outreach,http://www.memphis.edu/cs/news_and_events/news/2016_dasgupta_fox_news_2.php
86,http://www.memphis.edu/suapp/research_and_outreach,http://www.memphis.edu/uofmglobal/degrees/graduate/ms-environmental-nutrition.php,,http://www.memphis.edu/socialwork/research/poverty_fact_sheets.php,http://www.memphis.edu/registrar/faculty/selfserv/grading.php,http://www.memphis.edu/presweb/communications/0217honorscollege.php,http://www.memphis.edu/hr/posters.php,http://www.memphis.edu/feinstone/research-infrastructure/index.php,http://www.memphis.edu/socialwork/research/poverty_fact_sheets.php,http://www.memphis.edu/cs/people/faculty_pages/vinhthuy-phan.php
87,http://www.memphis.edu/socialwork/people/faculty_and_staff/gregory-washington.php,http://www.memphis.edu/wll/spanish/faculty-profiles/diana-ruggiero.php,,http://www.memphis.edu/erc/people,http://www.memphis.edu/registrar/forms/index.php,http://www.memphis.edu/registrar/calendars/academic/ay1516.php,http://www.memphis.edu/students/studentservices.php,http://www.memphis.edu/cjustice/people/shelley-keith.php,http://www.memphis.edu/socialwork/people/faculty_and_staff/gregory-washington.php,http://www.memphis.edu/uofmglobal/degrees/graduate/certificate-population-health.php
88,http://www.memphis.edu/erc/people,http://www.memphis.edu/registrar/students/records/gpa.php,,http://www.memphis.edu/socialwork/people/faculty_and_staff/gregory-washington.php,http://www.memphis.edu/physics/materials-day2017/schedule.php,http://www.memphis.edu/fcbe/news/archive/2014/chang_1208.php,http://www.memphis.edu/shs/research/crml_publications.php,http://www.memphis.edu/uc/resources/job-performance-technicians.php,http://www.memphis.edu/erc/people,http://www.memphis.edu/esarp/director/index.php
89,http://www.memphis.edu/nursing/about_us,http://www.memphis.edu/mscm/index.php,,http://www.memphis.edu/nursing/about_us,http://www.memphis.edu/honors/program,http://www.memphis.edu/bit/referral.php,http://www.memphis.edu/nursing/students/sna.php,http://www.memphis.edu/uc/resources/job-application.php,http://www.memphis.edu/completion/completionconnection.php,http://www.memphis.edu/cs/career_opportunities/index.php
90,http://www.memphis.edu/completion/completionconnection.php,http://www.memphis.edu/iis/people/faculty_affiliates/lwindsor.php,,http://www.memphis.edu/completion/completionconnection.php,http://www.memphis.edu/cs/news_and_events/news/2017_cra_w.php,http://www.memphis.edu/fcbe/news/archive_memo/2016f/index.php,http://www.memphis.edu/nursing/programs/nursing_administration.php,http://www.memphis.edu/bitm/admissions/deadlines.php,http://www.memphis.edu/nursing/about_us,http://www.memphis.edu/tigercopy/staff.php
91,http://www.memphis.edu/idt/whatisidt.php,http://www.memphis.edu/umtech/service_catalog/computers/printerrec.php,,http://www.memphis.edu/idt/whatisidt.php,http://www.memphis.edu/cs/people/postdoc_researchers.php,http://www.memphis.edu/cas/pre_law/index.php,http://www.memphis.edu/admissions/freshmen/border.php,http://www.memphis.edu/financialaid/undergraduate/nse.php,http://www.memphis.edu/idt/whatisidt.php,http://www.memphis.edu/cs/news_and_events/news/2016_cfia_student_highlights.php
92,http://www.memphis.edu/masterplan/phases/discovery.php,http://www.memphis.edu/cs/about/accolades_student.php,,http://www.memphis.edu/masterplan/phases/discovery.php,http://www.memphis.edu/registrar/forms/,http://www.memphis.edu/shs/programs/exss.php,http://www.memphis.edu/planning/,http://www.memphis.edu/careerservices/employers/info-sessions.php,http://www.memphis.edu/masterplan/phases/discovery.php,http://www.memphis.edu/physics/news/index.php
93,http://www.memphis.edu/crews/updates.php,http://www.memphis.edu/theatre/about/costumeshop.php,,http://www.memphis.edu/crews/updates.php,http://www.memphis.edu/cristal/stem_opportunities/teachers.php,http://www.memphis.edu/studentconduct/sexual-misconduct/reporting.php,http://www.memphis.edu/wilson/Research2016.php,http://www.memphis.edu/art/programs/mfa_printmaking.php,http://www.memphis.edu/crews/updates.php,http://www.memphis.edu/cs/news_and_events/news/2016_instructor_position.php
94,http://www.memphis.edu/economics/faculty/jpcnnng2.php,http://www.memphis.edu/et/future/et_registering.php,,http://www.memphis.edu/economics/faculty/jpcnnng2.php,http://www.memphis.edu/cs/news_and_events/news/2015_rus_best_paper.php,http://www.memphis.edu/iis/people/faculty_affiliates/lwindsor.php,http://www.memphis.edu/physics/SHOPP/2015-spring-topics.php,http://www.memphis.edu/art/people/alumni.php,http://www.memphis.edu/economics/faculty/jpcnnng2.php,http://www.memphis.edu/cs/news_and_events/news/2016_coling.php
95,http://www.memphis.edu/intl,http://www.memphis.edu/physics/SHOPP/2015-spring-topics.php,,http://www.memphis.edu/intl,http://www.memphis.edu/eece/future.php,http://www.memphis.edu/parking/resources/article1.php,http://www.memphis.edu/efiles/index.htm,http://www.memphis.edu/art/facilities/index.php,http://www.memphis.edu/intl,http://www.memphis.edu/hpc/about/index.php
96,http://www.memphis.edu/idt/faculty/index.php,http://www.memphis.edu/efiles/index.htm,,http://www.memphis.edu/idt/faculty/index.php,http://www.memphis.edu/cs/news_and_events/news/2017_nsa_codebreaker.php,http://www.memphis.edu/crow/current_research/index.php,http://www.memphis.edu/accountancy/faculty/pbabin.php,http://www.memphis.edu/fcbescholarships/,http://www.memphis.edu/idt/faculty/index.php,http://www.memphis.edu/cs/about/index.php
97,http://www.memphis.edu/processimprovement,http://www.memphis.edu/univcoll/legalstudies/legalstudiesinternship.php,,http://www.memphis.edu/processimprovement,http://www.memphis.edu/mediaroom/releases/2017/sept17/socialworkgrant.php,http://www.memphis.edu/psychology/research-habit/index.php,http://www.memphis.edu/et/future/transfer.php,http://www.memphis.edu/anthropology/people/micah-trapp.php,http://www.memphis.edu/processimprovement,http://www.memphis.edu/libraries/musiclibrary/index.php
98,http://www.memphis.edu/bf/myulookup.php,http://www.memphis.edu/bitm/contact,,http://www.memphis.edu/bf/myulookup.php,http://www.memphis.edu/cs/news_and_events/news/2017_watson_focs.php,http://www.memphis.edu/crow/,http://www.memphis.edu/registrar/faculty/scheduling/patterns-fallspr.php,http://www.memphis.edu/anthropology/graduate/medicalanthropology.php,http://www.memphis.edu/bf/myulookup.php,http://www.memphis.edu/libraries/instruction/staff.php
99,http://www.memphis.edu/scholarships/servicehours/index.php,http://www.memphis.edu/ccfa/scholarships/index.php,,http://www.memphis.edu/scholarships/servicehours/index.php,http://www.memphis.edu/cs/news_and_events/news/2017_s_kumar_mhealth_text.php,http://www.memphis.edu/libraries/collectionmgmt/policy_cartographic.php,http://www.memphis.edu/audit/external.php,http://www.memphis.edu/earthsciences/apply_here.php,http://www.memphis.edu/scholarships/servicehours/index.php,http://www.memphis.edu/cs/news_and_events/news/2017_newsletter_winter.php
