,url,cosine,title
5989.txt,http://www.memphis.edu/chem/people/faculty/parrill.php,0.17569700279019412,Abby Parrill -       	Department of Chemistry      	 - University of Memphis   
7253.txt,http://www.memphis.edu/psychology/people/faculty/kreuz.php,0.1491968250743551,"Roger J. Kreuz, Ph.D. -       	Department of Psychology      	 - University of Memphis   "
8708.txt,http://www.memphis.edu/herff/future_students/computer_req.php,0.1406199450791929,Computer Requirements  -       	Herff College of Engineering      	 - University of Memphis   
941.txt,http://www.memphis.edu/herff/about/facultyandstaff.php,0.1406199450791929, Contact Herff College of Engineering Faculty & Staff -       	Herff College of Engineering      	 - University of Memphis   
7903.txt,http://www.memphis.edu/cs/news_and_events/news/2016_research_asst_prof.php,0.13995078196619062,Research Assistant Professor Position Available -       	Computer Science      	 - University of Memphis   
5846.txt,http://www.memphis.edu/english/graduate/gradcourses.php,0.1346487607231221,Graduate Courses -       	Department of English      	 - University of Memphis   
2475.txt,http://www.memphis.edu/internationalmba/,0.10852735948897568,International MBA -       	IMBA      	 - University of Memphis   
5460.txt,http://www.memphis.edu/ssp/apply/testimonials.php,0.10104671968095805,Student Testimonials -       	Student Success Programs      	 - University of Memphis   
8105.txt,http://www.memphis.edu/accolades/2016/students/honors-assembly.php,0.09891953558629832,Honor's Assembly -       	Accolades      	 - University of Memphis   
7896.txt,http://www.memphis.edu/cs/news_and_events/news/2017_md2k_meeting.php,0.0983357651212148,U of M to Host MD2K Meeting on Oct. 24-25 -       	Computer Science      	 - University of Memphis   
2815.txt,http://www.memphis.edu/audit/faq.php,0.0962238265653319,Frequently Asked Questions -       			Office of Internal Audit & Consulting      	 - University of Memphis   
7850.txt,http://www.memphis.edu/cs/news_and_events/news/2017_wang_patent.php,0.0929237686244001,Prof. Wang Receives U.S. Patent -       	Computer Science      	 - University of Memphis   
9335.txt,http://www.memphis.edu/cognitive-science/,0.09273985836609745,Cognitive Science -       	Cognitive Science      	 - University of Memphis   
6054.txt,http://www.memphis.edu/architecture/communityengagement/summerprogram.php,0.09270586787252678,Summer Program -       	Department of Architecture      	 - University of Memphis   
7396.txt,http://www.memphis.edu/psychology/graduate/schmodel.php,0.09267186742863534,School Psychology Programs - M.S.Ph.D. Philosophy and Taning Model -       	Department of Psychology      	 - University of Memphis   
3741.txt,http://www.memphis.edu/accolades/creative-works/index.php,0.09174255803141407, 2017 Arts and Sciences Creative Works -       	Accolades      	 - University of Memphis   
4236.txt,http://www.memphis.edu/conferences/facilities/vcc.php,0.09116110607903304,FIT Video Conference Center -       	Conference & Event Services        	 - University of Memphis   
532.txt,http://www.memphis.edu/annualgiving/matching.php,0.09116110607903304,Matching Gifts  -       	Annual Giving      	 - University of Memphis   
8801.txt,http://www.memphis.edu/crisis,0.09116110607903304,
5721.txt,http://www.memphis.edu/consider/,0.08596897925596646,Courses to Consider -       	Courses to Consider      	 - University of Memphis   
3022.txt,http://www.memphis.edu/cs/career_opportunities/index.php,0.08565292693086793,Career Opportunities -       	Computer Science      	 - University of Memphis   
2489.txt,http://www.memphis.edu/freshconnections/contact_us.php,0.08559262542199038,Home -       	Tiger Learning Communities      	 - University of Memphis   
5987.txt,http://www.memphis.edu/bioinformatics/people/faculty/affiliates/jennifer_mandel.php,0.08374259347010665,Jennifer Mandel -       	Bioinformatics      	 - University of Memphis   
4624.txt,http://www.memphis.edu/fedex/ott/presentations.php,0.08121021352173315,Presentations -       	FedEx Institute      	 - University of Memphis   
9641.txt,http://www.memphis.edu/fcbe/news/archive/2015/spiceland_0825.php,0.08044100274920205,Drs. Charlene and David Spiceland to be Published in Issues in Accounting Education -       	FCBE      	 - University of Memphis   
8087.txt,http://www.memphis.edu/accolades/university-awards/sparks-award.php,0.0788720917574794,Willard R. Sparks Eminent Faculty Award -       	Accolades      	 - University of Memphis   
8138.txt,http://www.memphis.edu/clas/,0.07824477134774867,Welcome -       	CLAS      	 - University of Memphis   
9345.txt,http://www.memphis.edu/physics/people/profiles/elizabeth-gire.php,0.07633906094473651,Elizabeth Gire -       	Department of Physics and Materials Science      	 - University of Memphis   
1349.txt,http://www.memphis.edu/veterans/scholarships/tn-national-guard.php,0.07561570307980368,Tennessee National Guard Scholarship Program -       	Veterans and Military Student Services      	 - University of Memphis   
4337.txt,http://www.memphis.edu/presweb/communications/20160826enrollmentacrosstn.php,0.07527075050523238,Enrollment Across Tennessee -       	Office of the President      	 - University of Memphis   
6829.txt,http://www.memphis.edu/philosophy/people/bios/hoke-robinson.php,0.07501035788577777,Hoke Robinson -       	Philosophy      	 - University of Memphis   
554.txt,http://www.memphis.edu/admissions/international/timeframe.php,0.07458234646673403,Application Timeframe -       	Undergraduate Admissions and Orientation      	 - University of Memphis   
196.txt,http://www.memphis.edu/sga/,0.07458234646673403,Welcome to the Student Government Association -       	Student Government Association      	 - University of Memphis   
2300.txt,http://www.memphis.edu/truebluefuture,0.07458234646673403,
47.txt,http://www.memphis.edu/iss/,0.07458234646673403,International Student Office -       	International Student Services      	 - University of Memphis   
2839.txt,http://www.memphis.edu/cies/events/index.php,0.07417491170310282,Events  -       	The Center for International Education Services      	 - University of Memphis   
552.txt,http://www.memphis.edu/mediaroom/contact/,0.07417491170310282, Contact -       	UofM Media Room      	 - University of Memphis   
9926.txt,http://www.memphis.edu/admissions/pep/pep_eligibility.php,0.07300674077780109,Eligibility  -       	Undergraduate Admissions and Orientation      	 - University of Memphis   
6977.txt,http://www.memphis.edu/bitm/research/abstracts/2011_meservy.php,0.07299956922273532,"Meservy, T. and Niederman, F. 2011. ""Pulling the Plug: When to Call It a Day on Research      Projects,"" Communications of the Association for Information Systems (29:24), pp.      427-440. -       	BIT      	 - University of Memphis   "
3026.txt,http://www.memphis.edu/cs/contact/index.php,0.07207210782186706,Contact Us -       	Computer Science      	 - University of Memphis   
7800.txt,http://www.memphis.edu/cs/news_and_events/newsletters.php,0.07207210782186706,Newsletters -       	Computer Science      	 - University of Memphis   
2642.txt,http://www.memphis.edu/legal/forms/index.php,0.07019497715258154, Forms -       	Legal Counsel      	 - University of Memphis   
1805.txt,http://www.memphis.edu/multiculturalaffairs/ems-calendar.php,0.06951381888074243,Multicultural Affairs Events on Campus -       	Multicultural Affairs      	 - University of Memphis   
6914.txt,http://www.memphis.edu/bitm/research/abstracts/2009_kettinger.php,0.06898892393649235,"Kettinger, W. J., Park, S. and Smith, J. 2009. ""Understanding the Consequences of      Information Systems Service Quality on IS Service Reuse,"" Information & Management      (46:6), pp. 335-341. -       	BIT      	 - University of Memphis   "
2074.txt,http://www.memphis.edu/admissions/transfer/pathways.php,0.06796675859273983,TN Transfer Pathways  -       	Undergraduate Admissions and Orientation      	 - University of Memphis   
7049.txt,http://www.memphis.edu/bitm/research/abstracts/2008_huang.php,0.06777769008727258,"Huang, Z., Janz, B. D. and Frolick, M. 2008. ""A Comprehensive Examination Of Internet-EDI      Adoption,"" Information Systems Management (25:3), pp. 273-286. -       	BIT      	 - University of Memphis   "
4560.txt,http://www.memphis.edu/lead/faculty/,0.06749901954121887, Faculty -       	LEAD      	 - University of Memphis   
2369.txt,http://www.memphis.edu/bioinformatics/people/index.php,0.0673509064044344, Bioinformatics Program -       	Bioinformatics      	 - University of Memphis   
677.txt,http://www.memphis.edu/corporatepartnerships/onestopshop/,0.06704422798791686,One-Stop-Shop -       	Corporate Partnership & Economic Development      	 - University of Memphis   
2417.txt,http://www.memphis.edu/procurement/tigerbuy/vendor.php,0.06670284675491718,How to do business with UofM -       	Procurement and Contract Services      	 - University of Memphis   
7823.txt,http://www.memphis.edu/cs/about/accolades_faculty.php,0.06654736021816095,Faculty Accolades -       	Computer Science      	 - University of Memphis   
2029.txt,http://www.memphis.edu/careerservices,0.06629838420576131,
2861.txt,http://www.memphis.edu/firstscholars/about/participants.php,0.06587244905627018,First ScholarsÂ® Participants -       	First ScholarsÂ® Program      	 - University of Memphis   
7709.txt,http://www.memphis.edu/jrsm/about/community_outreach.php,0.06553592332411018,Community Involvement -       	JRSM      	 - University of Memphis   
7263.txt,http://www.memphis.edu/abroad/index.php,0.06452835342373679,Study Abroad -       	Study Abroad      	 - University of Memphis   
1798.txt,http://www.memphis.edu/ssp/calendar/index.php,0.06413988482748863,Events Calendar -       	Student Success Programs      	 - University of Memphis   
9819.txt,http://www.memphis.edu/ssp/staff,0.06413988482748863,
6832.txt,http://www.memphis.edu/philosophy/people/graduate-students.php,0.06391473267536052,Graduate Students -       	Philosophy      	 - University of Memphis   
6971.txt,http://www.memphis.edu/bitm/research/abstracts/1997_guha.php,0.0637765987883707,"Guha, S., Grover, V., Kettinger, W. J. and Teng, J. T. C. 1997. ""Exploring an Antecedent      Model of Business Process Change and Organizational Performance,"" Journal of Management      Information Systems (14:1), pp. 119-154.  -       	BIT      	 - University of Memphis   "
5203.txt,http://www.memphis.edu/fcbe/news/archive/2017/rezaee_0809.php,0.06376867795575543,Dr. Zabihollah Rezaee accepted for publication in Advances in Accounting -       	FCBE      	 - University of Memphis   
7254.txt,http://www.memphis.edu/wll/spanish/faculty-profiles/inmaculada-gomez-soler.php,0.06350286580355324,Inmaculada GÃ³mez-Soler -       	WLL      	 - University of Memphis   
7996.txt,http://www.memphis.edu/registrar/faculty/selfserv/email-adv.php,0.06304054441455904,Email Advisees  -       	Registrar      	 - University of Memphis   
6983.txt,http://www.memphis.edu/bitm/research/abstracts/2006_simon_2.php,0.06274536903885432,"Simon, J. C., Zweig, P., Kaiser, K., Beath, C., Bullen, C., Gallagher, K., Goles,      T. and Howard, J. 2006. ""The Information Technology Workforce: Trends and Implications      2005-2008,"" MIS Quarterly Executive (5:2), pp. 47-54. -       	BIT      	 - University of Memphis   "
5122.txt,http://www.memphis.edu/fcbephd/academics/protocol_bitm.php,0.0621496752000568,"Protocol for Comprehensive Examinations, Ph.D. in BIT Concentration  -       	FCBE PhD      	 - University of Memphis   "
630.txt,http://www.memphis.edu/csd/msconference.php,0.062045043109189776,Mid-South Conference  -       	School of Communication Sciences and Disorders      	 - University of Memphis   
1591.txt,http://www.memphis.edu/mscm/faculty/smehra.php,0.061036360187381684,SATISH MEHRA -       	MSCM      	 - University of Memphis   
3505.txt,http://www.memphis.edu/parking/permit/priority.php,0.06056564699930058,Priority Permit Parking -       	Parking & Transportation Services      	 - University of Memphis   
1129.txt,http://www.memphis.edu/rsp/forms.php,0.060029212650369076,Forms  -       	RSP      	 - University of Memphis   
8860.txt,http://www.memphis.edu/theatre/academicprograms/bfaintheatre.php,0.05972920266327639,Undergraduate BFA in Theatre -       	Theatre & Dance      	 - University of Memphis   
3153.txt,http://www.memphis.edu/lambuth/services/new-and-expectant-parents.php,0.0586546218578838,New And Expectant Parents -       	UofM Lambuth      	 - University of Memphis   
4356.txt,http://www.memphis.edu/presweb/communications/20160722uofmdiversitycouncil.php,0.05854942688142931,UofM Diversity Council -       	Office of the President      	 - University of Memphis   
7045.txt,http://www.memphis.edu/bitm/research/abstracts/2016_stafford.php,0.05834134370313172,"Stafford, T.F., ""Optimizing the Business Side of Science: Publication Review Cycles      and Process Management Considerations,âCommunications of the Association for Information      Systems: Vol. 38, Article 16. -       	BIT      	 - University of Memphis   "
6822.txt,http://www.memphis.edu/philosophy/people/bios/pleshette-dearmitt.php,0.0582255710911454,Pleshette DeArmitt -       	Philosophy      	 - University of Memphis   
5456.txt,http://www.memphis.edu/ssp/about,0.05738298618624011,
3661.txt,http://www.memphis.edu/iss/current_international_students/employment_volunteer.php,0.05682597785583618,Employment - Volunteering -       	International Student Services      	 - University of Memphis   
9690.txt,http://www.memphis.edu/fcbe/news/archive/2016/nalick_1013.php,0.05665041107371373,Dr. Nalick accepted for publication in Academy of Management Perspectives -       	FCBE      	 - University of Memphis   
968.txt,http://www.memphis.edu/oie/policies/policies.php,0.05656874199298298,Policies -       	OIE      	 - University of Memphis   
7041.txt,http://www.memphis.edu/bitm/research/abstracts/1999_david.php,0.056553799700037,"David, J., Dunn, C., McCarthy, W. and Poston, R.S. 1999. ""The Research Pyramid: A      Framework for Accounting Information Systems Research,"" Journal of Information Systems      (13:1), pp. 7-30.  -       	BIT      	 - University of Memphis   "
2802.txt,http://www.memphis.edu/polisci/clubs.php,0.05626063229508085,RSOs and Clubs -       	Political Science      	 - University of Memphis   
9244.txt,http://www.memphis.edu/cfia/projects/gencyber2016.php,0.055346931066452165,gencyber2016 -       	Center for Information Assurance      	 - University of Memphis   
6681.txt,http://www.memphis.edu/history/phd_program/fields_of_study.php,0.054748559019869886,Fields of Study in the Ph.D. Program -       	Department of History      	 - University of Memphis   
4626.txt,http://www.memphis.edu/fedex/ott/invention_disclosure.php,0.05471142486350071,Invention Disclosure -       	FedEx Institute      	 - University of Memphis   
5241.txt,http://www.memphis.edu/fcbe/news/archive_flash/2016apr/02_pierce.php,0.05438766072527724,Dr. Pierce published in Journal of Educational Psychology -       	FCBE      	 - University of Memphis   
4303.txt,http://www.memphis.edu/presweb/communications/201612seasonsgreetings.php,0.05423682632577677,2016 Season's Greetings -       	Office of the President      	 - University of Memphis   
522.txt,http://www.memphis.edu/testing/services/clep.php,0.0542151628414134,CLEP -       	Testing Center      	 - University of Memphis   
8925.txt,http://www.memphis.edu/theatre/about/contact.php,0.05414138021338302,Main Contact and Location -       	Theatre & Dance      	 - University of Memphis   
4333.txt,http://www.memphis.edu/presweb/communications/0217honorscollege.php,0.05400322364277783,Helen Hardin Honors College -       	Office of the President      	 - University of Memphis   
1166.txt,http://www.memphis.edu/registrar/calendars/academic/ay1516.php,0.05388556782163346,Academic Year 2015-2016 -       	Registrar      	 - University of Memphis   
9736.txt,http://www.memphis.edu/fcbe/news/archive/2014/chang_1208.php,0.05374087422787993,Dr. Cyril Chang award grant by UTHSC -       	FCBE      	 - University of Memphis   
2457.txt,http://www.memphis.edu/bit/referral.php,0.05369832296525671,Behavioral Intervention Team - How to Make a Referral -       	Behavioral Intervention Team      	 - University of Memphis   
5135.txt,http://www.memphis.edu/fcbe/news/archive_memo/2016f/index.php,0.05325141061866559,Fall 2016 Issue -       	FCBE      	 - University of Memphis   
4815.txt,http://www.memphis.edu/cas/pre_law/index.php,0.05311080635659831,Pre-Law -       	CAS      	 - University of Memphis   
3578.txt,http://www.memphis.edu/shs/programs/exss.php,0.052984649166003844,Exercise and Sport Science -       	SHS      	 - University of Memphis   
6898.txt,http://www.memphis.edu/studentconduct/sexual-misconduct/reporting.php,0.05297555552538873,Reporting Sexual Misconduct -       	Office of Student Conduct      	 - University of Memphis   
9340.txt,http://www.memphis.edu/iis/people/faculty_affiliates/lwindsor.php,0.05275446796241135,Leah Windsor  -       	IIS      	 - University of Memphis   
9566.txt,http://www.memphis.edu/parking/resources/article1.php,0.05242635783822126,Traffic and Parking Rules and Regulations -       	Parking & Transportation Services      	 - University of Memphis   
4731.txt,http://www.memphis.edu/crow/current_research/index.php,0.05203123625077503,Center for Research on Women Current Research -       	CROW      	 - University of Memphis   
4734.txt,http://www.memphis.edu/psychology/research-habit/index.php,0.05203123625077503,Health Addiction and Behavioral Interventions Team (HABIT) -       	Department of Psychology      	 - University of Memphis   
1244.txt,http://www.memphis.edu/crow/,0.05195126212311988,Center for Research on Women - CROW -       	CROW      	 - University of Memphis   
5798.txt,http://www.memphis.edu/libraries/collectionmgmt/policy_cartographic.php,0.051578511069582056,Cartographic Materials Guidelines -       	Libraries      	 - University of Memphis   
8480.txt,http://www.memphis.edu/gamblingclinic/information/index.php,0.0514527623241899, Information -       	Gambling      	 - University of Memphis   
1765.txt,http://www.memphis.edu/annualgiving/affinity/index.php,0.05135801035266993,Affinity Groups -       	Annual Giving      	 - University of Memphis   
2444.txt,http://www.memphis.edu/biology/contact.php,0.051252606095696464,Contact the Main Offices in the Department of Biology -       	Biological Sciences      	 - University of Memphis   
2449.txt,http://www.memphis.edu/memphishealthyu/tobacco.php,0.051252606095696464,Be Tobacco Free -       	Memphis Healthy U      	 - University of Memphis   
6105.txt,http://www.memphis.edu/tobacco/facts.php,0.051252606095696464,Facts -       	Limited-Use Tobacco Policy      	 - University of Memphis   
6719.txt,http://www.memphis.edu/history/phd_program/application.php,0.051083994644559115,Application to the Ph.D. Program and for an Assistantship -       	Department of History      	 - University of Memphis   
6679.txt,http://www.memphis.edu/history/phd_program/for_lang_req.php,0.05077027246556636,Foreign Language Requirement in the Ph.D. Program -       	Department of History      	 - University of Memphis   
8758.txt,http://www.memphis.edu/reslife/dining/dining.php,0.05037542041944681, Campus Dining -       	Reslife      	 - University of Memphis   
7411.txt,http://www.memphis.edu/psychology/graduate/clinfac.php,0.04975645250754488,Clinical Faculty  -       	Department of Psychology      	 - University of Memphis   
1492.txt,http://www.memphis.edu/umtech/teaching/umservices/umwiki.php,0.049746463416214005,umWiki  -       	umTech - Information Technology Services       	 - University of Memphis   
6847.txt,http://www.memphis.edu/philosophy/graduate/study-abroad.php,0.04890580779951621,Study Abroad -       	Philosophy      	 - University of Memphis   
5311.txt,http://www.memphis.edu/drs/faculty/safety.php,0.04873877760476139,Personal Safety and Emergency Evacuation for Persons with Physical Disabilities -       	Disability Resources for Students      	 - University of Memphis   
1856.txt,http://www.memphis.edu/rsp/development/summer_stipends/timeline.php,0.04842872924962506,NEH Summer Stipends -       	RSP      	 - University of Memphis   
8968.txt,http://www.memphis.edu/sociology/undergraduate/curriculum.php,0.04807501210448629,Undergraduate Curriculum -       	Sociology      	 - University of Memphis   
4689.txt,http://www.memphis.edu/mlche/academics/contact.php,0.04797287836704322,Contact Us  -       	MLCHE      	 - University of Memphis   
5324.txt,http://www.memphis.edu/drs/disabilitysvcs/chronic.php,0.04765134415384441,Chronic Health Impairments -       	Disability Resources for Students      	 - University of Memphis   
8429.txt,http://www.memphis.edu/cas/faculty-resources/awards/eminent-faculty-award.php,0.04763254539739032,Eminent Faculty Award -       	CAS      	 - University of Memphis   
2447.txt,http://www.memphis.edu/memphishealthyu/healthy.php,0.04724051205878773,Eat Healthier -       	Memphis Healthy U      	 - University of Memphis   
7512.txt,http://www.memphis.edu/nrotc/future-students/nso.php,0.04719672322170379,New Student Orientation -       	Naval ROTC      	 - University of Memphis   
242.txt,http://www.memphis.edu/internships/,0.0468495998364317,Internships -       	Internships      	 - University of Memphis   
1700.txt,http://www.memphis.edu/drs/faculty/index.php,0.04582763105101498,Information for Faculty  -       	Disability Resources for Students      	 - University of Memphis   
9787.txt,http://www.memphis.edu/drs/faculty,0.04582763105101498,
3118.txt,http://www.memphis.edu/wilson/admissions/admission_dealine.php,0.04543494315864875,Deadline -       	Kemmons Wilson School of Hospitality & Resort Management      	 - University of Memphis   
9992.txt,http://www.memphis.edu/ceri/wgdc/gujarat.php,0.04512268015681555," Gujarat, India 2001 -       	CERI      	 - University of Memphis   "
2012.txt,http://www.memphis.edu/internships/employerguide/index.php,0.04449718012225371,Employer Guide -       	Internships      	 - University of Memphis   
7017.txt,http://www.memphis.edu/bitm/research/abstracts/2016_janz2.php,0.0442880631414008,"Janz, B.J., Meek, T., Nichols, E., and Oglesby, J., (2016), ""How Buckmanâs Value Stream      Initiative Re-Visioned IT for Value,""MIS Quarterly Executive (15:3), pp. 215-299. -       	BIT      	 - University of Memphis   "
4402.txt,http://www.memphis.edu/anthropology/contact.php,0.04423050751463986,Contact the Department of Anthropology -       	Department of Anthropology      	 - University of Memphis   
1870.txt,http://www.memphis.edu/rsp/compliance/faq_cayuse.php,0.043410617947616824,FAQ - Cayuse -       	RSP      	 - University of Memphis   
9050.txt,http://www.memphis.edu/imc/microscopy/transmission-electron-microscope.php,0.04311339016335238,Transmission Electron Microscope -       	IMC      	 - University of Memphis   
2034.txt,http://www.memphis.edu/gradschool/current_students/seeking_ga.php,0.04297463135193791,Seeking a Graduate Assistantship -       	Graduate School       	 - University of Memphis   
4321.txt,http://www.memphis.edu/presweb/communications/officeofinclusionanddiversity.php,0.04260576369592344,Office of Inclusion and Diversity -       	Office of the President      	 - University of Memphis   
8114.txt,http://www.memphis.edu/supportcsd/opportunities/mendelspace.php,0.042569332671817436,Mendel Space -       	Support CSD      	 - University of Memphis   
4314.txt,http://www.memphis.edu/presweb/communications/may15summerinitiatives.php,0.042558219241537354,Summer Initiatives -       	Office of the President      	 - University of Memphis   
8994.txt,http://www.memphis.edu/earthsciences/programs/graduate/graduate-courses.php,0.042499364725036515,Earth Sciences Graduate Courses -       	Earth Sciences      	 - University of Memphis   
9191.txt,http://www.memphis.edu/mediaroom/releases/aug15/smartcity.php,0.04171898126167421,UofM and City of Memphis Use Smart Technologies  -       	UofM Media Room      	 - University of Memphis   
2021.txt,http://www.memphis.edu/gradschool/current_students/graduation_information/graduation.php,0.04161047007633474,Graduation Information -       	Graduate School       	 - University of Memphis   
9195.txt,http://www.memphis.edu/mediaroom/releases/mar15/fedexcommitment.php,0.04125275983470904,Strategic Commitment from FedEx Corp. Advances UofM Technology and Research -       	UofM Media Room      	 - University of Memphis   
5394.txt,http://www.memphis.edu/studentinvolvement/hazing/organizations-other.php,0.04117347822716322,Stop Hazing - Other Student Organizations -       	Student Leadership & Involvement      	 - University of Memphis   
4555.txt,http://www.memphis.edu/act/,0.040820162874976564,Mid-South Access Center for Technology (ACT) -       	ACT      	 - University of Memphis   
6187.txt,http://www.memphis.edu/icl/faculty/resources.php,0.040820162874976564,ICL Faculty Resources -       	ICL      	 - University of Memphis   
7685.txt,http://www.memphis.edu/jrsm/graduate_program/certificate.php,0.040796069050071854,Certificate -       	JRSM      	 - University of Memphis   
5178.txt,http://www.memphis.edu/fcbe/news/archive/2017/econ_1120.php,0.040713847940345,Carl Magnus Bjuggren accepted for publication in the Journal of Public Economics -       	FCBE      	 - University of Memphis   
3571.txt,http://www.memphis.edu/shs/snds.php,0.040674680529266434,SNDS -       	SHS      	 - University of Memphis   
6206.txt,http://www.memphis.edu/icl/programs/sced.php,0.04043762070520365,Secondary Education -       	ICL      	 - University of Memphis   
3206.txt,http://www.memphis.edu/csd/news/outstandingalum.php,0.0403180421573722,Outstanding Alumni Award  -       	School of Communication Sciences and Disorders      	 - University of Memphis   
5944.txt,http://www.memphis.edu/ceri/research/quatec.php,0.04031573630829205, Quatec -       	CERI      	 - University of Memphis   
9047.txt,http://www.memphis.edu/imc/contact/location.php,0.040302735263222395,Location -       	IMC      	 - University of Memphis   
5234.txt,http://www.memphis.edu/fcbe/news/archive/2016/mstafford_0329.php,0.04029441830083798,Dr. Marla Royne Stafford receives 2016 Ivan Preston Award -       	FCBE      	 - University of Memphis   
5996.txt,http://www.memphis.edu/bioinformatics/people/faculty/affiliates/max_garzon.php,0.04015249806809333,Max Garzon -       	Bioinformatics      	 - University of Memphis   
1853.txt,http://www.memphis.edu/conferences/facilities/rt-directions.php,0.039612961480382826,Directions to Rose Theatre -       	Conference & Event Services        	 - University of Memphis   
7791.txt,http://www.memphis.edu/sete/docs/ucform.doc,0.039369383653860855,
9663.txt,http://www.memphis.edu/fcbe/news/archive/2015/pkjain_0106.php,0.039310023468465946,Dr. PK Jain presents his research on high frequency trading -       	FCBE      	 - University of Memphis   
1148.txt,http://www.memphis.edu/rsp/compliance/irb_policy.php,0.039084931419448875,IRB Policy -       	RSP      	 - University of Memphis   
9358.txt,http://www.memphis.edu/egypt/teaching/gradletter.php,0.03827918331788329,Letter to Undergraduate Students -       	Institute of Egyptian Art & Archaeology      	 - University of Memphis   
9357.txt,http://www.memphis.edu/egypt/teaching/maprospective.php,0.03813001393195202,M.A. in Egyptian Art - Prospective Students -       	Institute of Egyptian Art & Archaeology      	 - University of Memphis   
9991.txt,http://www.memphis.edu/ceri/wgdc/bardwell_ky.php,0.037563157672298356,"Bardwell, Kentucky 2003 -       	CERI      	 - University of Memphis   "
5024.txt,http://www.memphis.edu/accountancy/faculty,0.03742636208507393,
9557.txt,http://www.memphis.edu/parking/resources/article3.php,0.03724716957842547,Traffic and Parking Rules and Regulations -       	Parking & Transportation Services      	 - University of Memphis   
8474.txt,http://www.memphis.edu/cas/cas_chair_handbook/annual_eval_faculty_and_staff.php,0.037204174919981875,Annual Evaluations (Faculty and Staff) -       	CAS      	 - University of Memphis   
6686.txt,http://www.memphis.edu/history/academic_misconduct_policy.php,0.03719318389453464,Department of History Policy on Academic Misconduct -       	Department of History      	 - University of Memphis   
7834.txt,http://www.memphis.edu/cs/financial_aid/index.php,0.03717764055119171,Financial Aid -       	Computer Science      	 - University of Memphis   
3727.txt,http://www.memphis.edu/mediaroom/releases/2017/aug17/hooksbookaward.php,0.036654173887057426,Hooks Book Award -       	UofM Media Room      	 - University of Memphis   
6961.txt,http://www.memphis.edu/bitm/research/abstracts/2012_richardson.php,0.03657016877425359,"Moeller, G., Zhang, X. and Richardson, S. 2012. ""Understanding Antecedents of Interpersonal      Conflict in Information Systems Development: A Critical Analysis,"" Journal of Information      Technology Management (23:3), pp. 12â43. -       	BIT      	 - University of Memphis   "
5787.txt,http://www.memphis.edu/libraries/collectionmgmt/policy_periodicals.php,0.03626181981897711,Periodicals Checkout Policies -       	Libraries      	 - University of Memphis   
3984.txt,http://www.memphis.edu/libraries/cataloging/,0.03626181981897711, Cataloging -       	Libraries      	 - University of Memphis   
8122.txt,http://www.memphis.edu/acnl,0.03622218244367813,
5386.txt,http://www.memphis.edu/studentinvolvement/hazing/resources-students.php,0.035547680672667926,Stop Hazing - Student Resources -       	Student Leadership & Involvement      	 - University of Memphis   
8836.txt,http://www.memphis.edu/anthropology/resources/local-business.php,0.03534890105634647,Applied Anthropology in Local Business -       	Department of Anthropology      	 - University of Memphis   
8618.txt,http://www.memphis.edu/ccfa/news/voices/winter2015/perry.php,0.03533939724247443,Elliot Perry Show -       	CCFA      	 - University of Memphis   
6256.txt,http://www.memphis.edu/wll/french/study_abroad.php,0.0353217246799644,Study Abroad  -       	WLL      	 - University of Memphis   
6718.txt,http://www.memphis.edu/history/graduate/standards.php,0.034908041062342014,Standards of Professional Conduct -       	Department of History      	 - University of Memphis   
9307.txt,http://www.memphis.edu/iis/projects/j-mitse.php,0.03444663595874737,J-MITSE  -       	IIS      	 - University of Memphis   
4210.txt,http://www.memphis.edu/studentaffairs/students/tigerstoryrailyn.php,0.03392858157640213,Tiger Story_Railyn -       	Student Affairs      	 - University of Memphis   
8456.txt,http://www.memphis.edu/cas/cas_chair_handbook/roles_and_responsibilities.php,0.033867182217327284,Roles and Responsibilities -       	CAS      	 - University of Memphis   
8471.txt,http://www.memphis.edu/cas/cas_chair_handbook/tenure_and_promotion.php,0.03382583115293002,Tenure and Promotion -       	CAS      	 - University of Memphis   
5951.txt,http://www.memphis.edu/crisis/training.php,0.03374265200009157,Training -       	Crisis Management      	 - University of Memphis   
6103.txt,http://www.memphis.edu/tobacco/smokingarea.php,0.03360546916466609,Smoking Areas -       	Limited-Use Tobacco Policy      	 - University of Memphis   
6669.txt,http://www.memphis.edu/history/about/localres.php,0.03279149838889067,Local Historical Resources -       	Department of History      	 - University of Memphis   
7589.txt,http://www.memphis.edu/music/fac-staff/bios/honnold-d.php,0.032173796040365854,Danny Honnold -       	Music      	 - University of Memphis   
8560.txt,http://www.memphis.edu/nursing/50th_anniversary/50leaders.php,0.03201045991332129,50 Leaders in 50 Years -       	The Loewenberg College of Nursing      	 - University of Memphis   
5730.txt,http://www.memphis.edu/wilson/sport,0.03188539196628377,
5302.txt,http://www.memphis.edu/drs/about/office.php,0.0317370922533718,DRS Office -       	Disability Resources for Students      	 - University of Memphis   
7278.txt,http://www.memphis.edu/et/about,0.03153961587332734,
5490.txt,http://www.memphis.edu/report/submit-a-report/student-conduct.php,0.031046593379238596, Report a Concern - Student Conduct Complaint -       	Report a Concern      	 - University of Memphis   
7336.txt,http://www.memphis.edu/msci/people/rmcctchn.php,0.030956395495444208,Randall McCutcheon -       	Math Sciences      	 - University of Memphis   
1639.txt,http://www.memphis.edu/fcbephd/academics/alumni_news.php,0.03077577307841771, Alumni News -       	FCBE PhD      	 - University of Memphis   
3202.txt,http://www.memphis.edu/csd/news/outstandingstudent.php,0.030141590962550695,Outstanding Student Award  -       	School of Communication Sciences and Disorders      	 - University of Memphis   
2261.txt,http://www.memphis.edu/uofmglobal/financialaid/online_links.php,0.03004862048026327,Links of Interest -       	UofM Global      	 - University of Memphis   
2016.txt,http://www.memphis.edu/driven-by-doing/nextbigthing.php,0.030019325775440125,The Next Big Thing -       	Driven by Doing      	 - University of Memphis   
7315.txt,http://www.memphis.edu/msci/news/plenary.php,0.029978027356136083,Plenary talks &amps; lecture courses -       	Math Sciences      	 - University of Memphis   
9038.txt,http://www.memphis.edu/imc/services/histologysvcs.php,0.02970276191835991,Histology Laboratory Services -       	IMC      	 - University of Memphis   
7441.txt,http://www.memphis.edu/psychology/people/faculty/andrasik.php,0.02960253574478259,"Frank Andrasik, Ph.D.  -       	Department of Psychology      	 - University of Memphis   "
7725.txt,http://www.memphis.edu/physics/research/biomembranes.php,0.029359343985640513,Biomembranes -       	Department of Physics and Materials Science      	 - University of Memphis   
3424.txt,http://www.memphis.edu/law/student-affairs/housing.php,0.029221690228586828,Housing -       	School of Law       	 - University of Memphis   
3616.txt,http://www.memphis.edu/financialaid/whentoapply.php,0.02915555254716046,When to Apply  -       	Financial Aid      	 - University of Memphis   
4158.txt,http://www.memphis.edu/univcoll/resources/advising.php,0.02853633896119823,Advising -       	University College      	 - University of Memphis   
7242.txt,http://www.memphis.edu/govschool/student-testimonials.php,0.028331795907883896,Student Testimonials -       	GSIS      	 - University of Memphis   
3902.txt,http://www.memphis.edu/communications/resources/templates/nametags/nametags.php,0.028025909643330675,Nametags -       	Marketing and Communication      	 - University of Memphis   
2448.txt,http://www.memphis.edu/memphishealthyu/about.php,0.027809163370424873,About Memphis Healthy U -       	Memphis Healthy U      	 - University of Memphis   
6693.txt,http://www.memphis.edu/history/faculty/adjunct.php,0.02764456038082159,Adjunct Faculty -       	Department of History      	 - University of Memphis   
5026.txt,http://www.memphis.edu/accountancy/programs/phd.php,0.027612089194000475,PhD in Accounting -       	ACCT      	 - University of Memphis   
4920.txt,http://www.memphis.edu/bot/about/,0.027530752903200336,About the Board of Trustees -       	Board of Trustees      	 - University of Memphis   
1660.txt,http://www.memphis.edu/fcbescholarships/index.php,0.02695520799369188,FCBE Scholarships -       	FCBE Scholarships      	 - University of Memphis   
4976.txt,http://www.memphis.edu/me/faculty/lewis.php,0.026928893125552068,Dr. Gladius Lewis -       	ME      	 - University of Memphis   
5907.txt,http://www.memphis.edu/ceri/seismic/heli.php,0.02616832548185964, Recent Helicorder Images for Mid-America -       	CERI      	 - University of Memphis   
1877.txt,http://www.memphis.edu/rsp/sponsored_programs/intent_to_submit.php,0.025951483622349825,Grant Services -       	RSP      	 - University of Memphis   
2422.txt,http://www.memphis.edu/architecture/facultystaff/index.php,0.025634162481765695,Architecture Faculty and Staff -       	Department of Architecture      	 - University of Memphis   
1739.txt,http://www.memphis.edu/studentinvolvement/studentengagement/fsa-resources.php,0.02554311955212578,Fraternity/Sorority Affairs Member Resources -       	Student Leadership & Involvement      	 - University of Memphis   
7546.txt,http://www.memphis.edu/music/future/endowed.php,0.024746638920112633,Endowed Scholarships -       	Music      	 - University of Memphis   
6087.txt,http://www.memphis.edu/biology/people/faculty/kent-gartner.php,0.02381504626629005,T. Kent Gartner -       	Biological Sciences      	 - University of Memphis   
12.txt,http://www.memphis.edu/gradschool/programs/graduatecertificates.php,0.023496478748886176,Graduate Certificate Programs  -       	Graduate School       	 - University of Memphis   
9029.txt,http://www.memphis.edu/hpc/schedulercontrolcommands.php,0.023365121335720926,Scheduler Control Comands -       	High Performance Computing      	 - University of Memphis   
9462.txt,http://www.memphis.edu/icl/faculty/weaver.php,0.02173480088125533,Carmen Weaver -       	ICL      	 - University of Memphis   
8826.txt,http://www.memphis.edu/physics/undergraduate,0.021421629753674492,
9146.txt,http://www.memphis.edu/coe/docs/syllabus_teacher_ed.doc,0.02062436337497583,
2015.txt,http://www.memphis.edu/driven-by-doing/universalresearch.php,0.020496622821612305,Universal Research -       	Driven by Doing      	 - University of Memphis   
5747.txt,http://www.memphis.edu/libraries/administration/stratplan.php,0.020225825045631366,Strategic Plan 2007-2010 -       	Libraries      	 - University of Memphis   
2341.txt,http://www.memphis.edu/crisis/emergency_info.php,0.019933979524787968,Be TigerREADY -       	Crisis Management      	 - University of Memphis   
3004.txt,http://www.memphis.edu/psi/contact/index.php,0.019911552899133104,Contact the PSI -       	Public Safety Institute      	 - University of Memphis   
4117.txt,http://www.memphis.edu/abroad/students/how_to_apply.php,0.019600933360110314,Students - How to Apply for a Study Abroad Program -       	Study Abroad      	 - University of Memphis   
3385.txt,http://www.memphis.edu/law/programs/ihelp.php,0.01935332372550761,Institute for Health Law & Policy  -       	School of Law       	 - University of Memphis   
4020.txt,http://www.memphis.edu/cwc/resources.php,0.01919490487824938, Resources -       	CWC      	 - University of Memphis   
5771.txt,http://www.memphis.edu/libraries/help/index.php,0.01900960073625392,Ask A Librarian -       	Libraries      	 - University of Memphis   
4592.txt,http://www.memphis.edu/oir/facultystaff,0.01877831869818497,
7828.txt,http://www.memphis.edu/cs/financial_aid/peter_neathery.php,0.01874790095750915,Peter I. Neathery Scholarship/Fellowship  -       	Computer Science      	 - University of Memphis   
8090.txt,http://www.memphis.edu/accolades/2016/new-faculty.php,0.018452758005837462,New Faculty Fall 2016 -       	Accolades      	 - University of Memphis   
4105.txt,http://www.memphis.edu/abroad/media_news/videos.php,0.018320694865606287, Media & News -       	Study Abroad      	 - University of Memphis   
9353.txt,http://www.memphis.edu/egypt/about/history.php,0.017777291071851643,History of the Institute -       	Institute of Egyptian Art & Archaeology      	 - University of Memphis   
9506.txt,http://www.memphis.edu/chem/faculty-emmert/publications.php,0.017522483624765786,Publications -       	Department of Chemistry      	 - University of Memphis   
8603.txt,http://www.memphis.edu/ccfa/news/voices/winter2015/alexander.php,0.017386271398471626,Tesfa Alexander -       	CCFA      	 - University of Memphis   
5780.txt,http://www.memphis.edu/libraries/collectionmgmt/index.php,0.017098369430141043,Collection Management  -       	Libraries      	 - University of Memphis   
6350.txt,http://www.memphis.edu/cepr/cpsy/goals_objectives.php,0.01653769445507299,"CPSY Goals, Objectives, & Competencies -       	CEPR      	 - University of Memphis   "
8088.txt,http://www.memphis.edu/accolades/2016/college-awards/dunavant-professorships.php,0.016303182293144806,College of Arts and Sciences Dunavant Professorships -       	Accolades      	 - University of Memphis   
7549.txt,http://www.memphis.edu/music/future/acad_req.php,0.01551815707933919,Academic Requirements -       	Music      	 - University of Memphis   
6291.txt,http://www.memphis.edu/cepr/docs/college_career_cert_app.doc,0.014572837346009677,
7459.txt,http://www.memphis.edu/psychology/centers,0.014147104850651538,
3347.txt,http://www.memphis.edu/law/about/history.php,0.01372380311584107,History  -       	School of Law       	 - University of Memphis   
7539.txt,http://www.memphis.edu/studentlife/religious,0.012603206495788296,
3740.txt,http://www.memphis.edu/accolades/service-awards.php,0.012590574407747784,Faculty Service Awards -       	Accolades      	 - University of Memphis   
7457.txt,http://www.memphis.edu/psychology/people/faculty/howell.php,0.012348454269099517,"Kathryn H. Howell, Ph.D. -       	Department of Psychology      	 - University of Memphis   "
5515.txt,http://www.memphis.edu/aa/resources/facres/tenurepromotion/docs/guidelines/foreign_languages.doc,0.012007733602185704,
5513.txt,http://www.memphis.edu/aa/resources/facres/tenurepromotion/docs/guidelines/english.doc,0.011770790045801107,
8510.txt,http://www.memphis.edu/efiles/college-events/add-event.php,0.00793544520009278,Add An Event to College of Arts and Sciences E-Files Calendar -       	E-Files      	 - University of Memphis   
2807.txt,http://www.memphis.edu/polisci/alumni/index.php,0.0066242510557589585,Department of Political Science Alumni -       	Political Science      	 - University of Memphis   
9153.txt,http://www.memphis.edu/ehs/programs/nano.php,0.0055257204745217305,Nanotechnology Safety Links  -       	EH&S      	 - University of Memphis   
